Berserk,4e70ea0ec092255ef7004a28,a0/a0d72bd4356ce4e06d5d3287816fdee0dc8fe5b23cd4cdaf9ecd5962.jpg
Naruto,4e70ea03c092255ef70046f0,d1/d1cd664cefc4d19ec99603983d4e0b934e8bce91c3fccda3914ac029.png
"Boruto:Naruto Next Generations",5754a49e719a1641fd988b6d,a6/a6cb9ecfe372e142bf15a33aaa7bd37fcf907ec5a01c3ccd230ad53b.jpg
Bleach,4e70e9efc092255ef7004274,99/99af14772b89d87e6f3deb7d6b174537908a3fc5e7cc7eb6fbf92a68.jpg
Attack On Titan,4e70ea6ac092255ef7006a52,e4/e4258fe3f23f923de39ae56d82449226cd2b6be40279e9acb7f8138e.png
Boku No Hero Academia,541aabc045b9ef49009d69b6,22/22ad82d99042582b10c7293114cd199de406a5b662454553eff5015a.png
One Piece,4e70ea10c092255ef7004aa2,b0/b0ac7f12d2cb0fc07b9418d5544a3f97cbbc30e967396ae70f98d101.png
Fireforce,5be0cf44719a161d84b9f0e4,d6/d65fd1ca956b3491e0108a1d4ce4d840b5dcd4eccf9c3f691b9c76d9.jpg
Assasination Classroom,4ff30370c092252e7f00002f,ec/ec4c870e4b6f25cf69e7a7ea764065d7232ac83972116f7a0572282e.png
Vinland Saga,4e70ea03c092255ef700470e,49/4992cf81b0f3ce055a1be9f128ff8d0f015dd5cd58aa3c448070c6ae.png
Vagabond,4e70ea04c092255ef700475e,99/9982ab1bab822353edb04f3b6ebd8b70499d8195634c0c606733ce27.jpg
Uzumaki,4e70e9ddc092255ef7003d01,67/67a0c7878afa36e8b9a4e1e22c1141310310b1de54f55a03b21fde26.png
Gyo,4e70ea23c092255ef7004f1f,40/40c35bb99851a54a973a8168c500c13e02c459358117d7b58c57d528.png
Jojo Bizzare Adventure,4e70ea06c092255ef70047d1,02/026230ba1e2abacb1d2374de788d581d0067a8f279536a856c1eb625.png
Hunter X Hunter,4e70ea02c092255ef70046e0,df/dfa10afb26c40498e742a80653d23aa0d5ce96cd9c6b6e3f65d09507.jpg
